# GS relevés à la main avant le suivi automatique. Format : pseudo,date (AAAA-MM-JJ),gs
pseudo,date,gs
DocDanny,2026-10-03,2049
FERA,2026-10-03,1535
Mikio,2026-10-03,1400
KodaySod,2026-10-03,1615
Yunalska,2026-10-03,1915
Miaiphónos,2026-10-03,1829
Nayko,2026-10-03,1442
Nioky,2026-10-03,2101
Shineiki,2026-10-03,1487
Harrg,2026-10-03,1346
Kinysse,2026-10-03,2001
CØRÐE,2026-10-03,1909
BakaViolet,2026-10-03,1894
Celestal,2026-10-03,1518
Phénix,2026-10-03,1341
CaptaiinJump,2026-10-03,2093
Slawn,2026-10-03,1812
OrGaniZ,2026-10-03,1912
Slynn,2026-10-03,1760
Lumeka,2026-10-03,1773
Hymia,2026-10-03,1843
Jamick,2026-10-03,1321
Gatss01,2026-10-03,1651
Lyric,2026-10-03,2036
LeMick,2026-10-03,1570
Phiona,2026-10-03,1608
Zhin.Gao,2026-10-03,1744
Sorcerino,2026-10-03,1436
Alex,2026-10-03,1400
RezeMaFemme,2026-10-03,1617
